Time point,Cell type annotation,cell_count
2.0,Baso,187
2.0,Ccr7_DC,57
2.0,Eos,15
2.0,Erythroid,100
2.0,Lymphoid,144
2.0,Mast,40
2.0,Meg,97
2.0,Monocyte,950
2.0,Neutrophil,1068
2.0,Undifferentiated,25575
2.0,pDC,16
4.0,Baso,3247
4.0,Ccr7_DC,100
4.0,Eos,189
4.0,Erythroid,153
4.0,Lymphoid,583
4.0,Mast,579
4.0,Meg,632
4.0,Monocyte,7505
4.0,Neutrophil,6721
4.0,Undifferentiated,28727
4.0,pDC,62
6.0,Baso,6721
6.0,Ccr7_DC,84
6.0,Eos,351
6.0,Erythroid,433
6.0,Lymphoid,130
6.0,Mast,1965
6.0,Meg,1367
6.0,Monocyte,10727
6.0,Neutrophil,14448
6.0,Undifferentiated,17891
6.0,pDC,23
