output,feature,coefficient
1,1,6.224378166798422
1,z1,2.0531401208017357
1,z2,-1.2834233774249286
1,z5,-1.0697324497800578
1,z1*z4,-1.302832376137275
1,z1*z5,0.6954830093218496
2,1,-1.2197130356389834
2,z1,-0.5058906411647948
2,z3,1.92874365457982
2,z2^2,0.37171801608111127
2,z2*z3,-0.2342104656743673
2,z3^2,-0.22373494582239925
3,1,-1.1165184438633988
3,z1,-0.7766793101670657
3,z2,1.5661313373015984
3,z3,2.648321144578833
3,z1*z2,-0.4554482637530028
3,z1*z3,-0.3070110564207164
3,z1*z4,-0.36693469309992544
3,z1*z5,0.4648628151927536
3,z2*z3,0.2585834076281607
3,z4*z5,-0.5429486157635652
4,1,1.5014607903436603
4,z1,1.8147172421850735
4,z2,-0.745448508481711
4,z3,-1.605627117045763
4,z4,-0.42180466774746933
4,z1^2,-1.1648131224554297
4,z1*z2,0.6887469847917488
4,z1*z4,0.5803481943364462
4,z1*z5,-0.32669694820126055
4,z3^2,0.27849668458118776
4,z3*z4,0.34080716272073924
4,z4^2,-0.3299556103918355
5,1,-0.8198280519210108
5,z1,-1.3973680269884676
5,z2,0.3053470862661761
5,z3,1.9752533580488785
5,z4,-0.3349297563926535
5,z5,-1.4929490829862238
5,z1^2,0.7825994637896112
5,z1*z2,-0.4639821090062335
5,z1*z4,-0.41779740859514675
5,z1*z5,0.6675488841414302
5,z2*z3,0.20016043681220577
5,z2*z4,0.3630356901020075
5,z3^2,-0.5095996086036242
5,z3*z5,0.6766256157903701
5,z4^2,0.24042674360850497
5,z4*z5,-0.3730014982163607
5,z5^2,-0.36916951906274487
