output,feature_index,frequency
1,0,1.0
1,1,0.6
1,2,0.2
1,6,0.6
1,7,0.6
1,14,0.6
1,15,1.0
1,24,0.6
1,26,1.0
1,35,0.4
1,52,0.2
1,56,0.8
1,64,0.4
1,65,1.0
1,74,0.0
1,76,1.0
1,82,0.8
1,85,0.4
1,113,0.6
1,161,0.4
1,209,0.6
1,245,0.4
1,300,0.2
1,387,1.0
1,427,0.8
1,429,1.0
1,446,0.6
1,623,0.0
1,696,1.0
2,0,1.0
2,2,0.6
2,3,1.0
2,4,0.6
2,5,0.8
2,6,1.0
2,7,1.0
2,8,1.0
2,9,1.0
2,12,1.0
2,13,1.0
2,14,1.0
2,16,1.0
2,26,0.8
2,29,1.0
2,45,0.2
2,52,0.4
2,53,1.0
2,55,1.0
2,57,1.0
2,58,1.0
2,62,1.0
2,63,1.0
2,64,0.8
2,66,1.0
2,76,0.2
2,79,1.0
2,95,0.6
2,162,0.4
2,198,0.6
2,255,0.8
2,336,0.6
2,341,0.2
2,587,0.6
3,0,1.0
3,1,1.0
3,3,1.0
3,4,1.0
3,6,1.0
3,7,1.0
3,8,1.0
3,11,0.6
3,12,1.0
3,13,1.0
3,14,1.0
3,16,1.0
3,17,0.8
3,26,1.0
3,28,1.0
3,29,1.0
3,32,1.0
3,35,1.0
3,36,0.6
3,45,1.0
3,54,1.0
3,55,1.0
3,56,1.0
3,57,1.0
3,58,1.0
3,62,1.0
3,63,1.0
3,64,0.8
3,66,1.0
3,67,1.0
3,76,1.0
3,79,1.0
3,82,0.6
3,85,0.4
3,86,0.6
3,95,1.0
3,113,0.6
3,161,0.6
3,209,0.8
3,336,0.0
3,338,1.0
3,341,0.6
3,358,1.0
3,387,0.0
3,429,0.6
3,441,0.4
3,587,0.6
3,600,0.6
3,697,0.2
4,0,1.0
4,4,1.0
4,5,0.8
4,6,1.0
4,7,1.0
4,8,1.0
4,9,1.0
4,10,0.8
4,12,1.0
4,13,1.0
4,14,1.0
4,15,0.6
4,16,1.0
4,17,1.0
4,19,1.0
4,20,1.0
4,26,1.0
4,29,1.0
4,31,0.8
4,32,1.0
4,34,0.2
4,35,0.8
4,36,1.0
4,44,0.6
4,45,1.0
4,51,0.8
4,54,1.0
4,55,0.8
4,56,1.0
4,57,0.8
4,58,0.6
4,60,0.6
4,62,1.0
4,63,1.0
4,64,1.0
4,66,1.0
4,67,1.0
4,69,0.8
4,70,0.8
4,76,1.0
4,79,1.0
4,81,1.0
4,82,1.0
4,84,0.2
4,85,0.6
4,86,1.0
4,94,0.6
4,95,1.0
4,102,0.4
4,110,0.4
4,112,1.0
4,113,1.0
4,119,0.2
4,125,0.2
4,131,0.0
4,158,0.4
4,161,0.6
4,179,0.0
4,209,1.0
4,247,0.0
4,252,0.8
4,255,0.0
4,256,0.8
4,260,0.6
4,270,0.0
4,341,0.2
4,342,0.0
4,346,0.6
4,358,0.6
4,385,0.6
4,472,0.8
4,476,0.6
4,563,0.2
4,586,0.2
4,587,0.8
4,590,0.0
4,598,0.0
4,674,0.4
4,696,0.4
4,766,0.0
4,1073,0.2
5,0,0.8
5,4,0.4
5,5,1.0
5,6,1.0
5,7,1.0
5,8,1.0
5,9,1.0
5,10,0.8
5,12,1.0
5,13,1.0
5,14,1.0
5,15,0.8
5,16,1.0
5,17,1.0
5,19,0.8
5,20,1.0
5,26,1.0
5,28,0.8
5,29,1.0
5,32,1.0
5,34,0.8
5,35,1.0
5,36,1.0
5,45,1.0
5,54,0.4
5,55,1.0
5,56,1.0
5,57,1.0
5,58,1.0
5,59,1.0
5,62,1.0
5,63,1.0
5,66,1.0
5,67,1.0
5,69,0.4
5,70,1.0
5,76,1.0
5,79,1.0
5,82,1.0
5,84,1.0
5,85,0.4
5,86,0.6
5,95,1.0
5,104,0.6
5,111,0.6
5,112,1.0
5,113,1.0
5,119,0.2
5,125,0.4
5,161,0.4
5,247,0.0
5,252,0.6
5,255,0.8
5,256,0.8
5,260,0.4
5,301,0.2
5,342,0.2
5,358,1.0
5,385,0.8
5,427,1.0
5,467,0.2
5,472,1.0
5,476,0.6
5,586,0.0
5,587,0.6
5,590,0.0
5,600,0.2
5,696,0.6
6,1,1.0
6,4,1.0
6,5,1.0
6,6,1.0
6,9,1.0
6,12,1.0
6,13,1.0
6,14,1.0
6,16,1.0
6,20,0.8
6,26,1.0
6,29,1.0
6,45,0.6
6,51,0.6
6,53,0.2
6,54,0.6
6,55,1.0
6,56,1.0
6,58,1.0
6,59,1.0
6,62,1.0
6,63,1.0
6,64,1.0
6,66,1.0
6,68,1.0
6,70,0.8
6,79,1.0
6,95,0.6
6,112,0.6
6,427,0.8
6,588,0.2
6,704,0.6
6,713,0.2
7,0,0.6
7,1,1.0
7,5,1.0
7,6,1.0
7,7,1.0
7,8,0.4
7,9,1.0
7,10,0.8
7,12,1.0
7,13,1.0
7,14,1.0
7,15,0.2
7,16,1.0
7,17,1.0
7,18,1.0
7,19,1.0
7,20,1.0
7,22,0.4
7,23,0.6
7,25,1.0
7,26,1.0
7,28,1.0
7,29,1.0
7,31,0.6
7,32,1.0
7,34,0.4
7,35,0.8
7,45,1.0
7,51,0.2
7,53,1.0
7,55,0.8
7,56,0.8
7,57,1.0
7,58,1.0
7,59,1.0
7,62,1.0
7,63,1.0
7,66,1.0
7,67,1.0
7,69,0.8
7,70,1.0
7,72,0.6
7,75,0.4
7,76,0.8
7,79,1.0
7,81,0.6
7,82,0.8
7,84,0.6
7,95,1.0
7,102,0.2
7,107,0.4
7,108,1.0
7,112,1.0
7,113,1.0
7,115,1.0
7,125,0.0
7,144,0.6
7,209,0.4
7,252,0.8
7,256,1.0
7,260,0.6
7,285,0.6
7,300,0.6
7,342,0.6
7,345,0.6
7,358,0.6
7,385,1.0
7,427,1.0
7,429,1.0
7,446,0.6
7,448,0.6
7,472,0.8
7,476,0.8
7,478,0.4
7,586,0.4
7,587,1.0
7,598,0.0
7,600,0.8
7,602,0.6
7,607,0.8
7,623,0.6
7,696,0.6
7,697,0.6
7,702,0.6
7,759,0.2
8,0,0.8
8,1,1.0
8,4,1.0
8,5,1.0
8,7,0.4
8,8,1.0
8,9,1.0
8,11,0.4
8,12,1.0
8,13,1.0
8,14,1.0
8,16,1.0
8,17,0.8
8,18,0.8
8,19,0.4
8,20,0.6
8,22,0.4
8,26,0.8
8,29,1.0
8,32,0.2
8,37,0.8
8,45,1.0
8,55,1.0
8,57,0.6
8,58,1.0
8,59,1.0
8,62,1.0
8,63,1.0
8,64,1.0
8,65,1.0
8,66,1.0
8,67,0.8
8,68,1.0
8,70,0.6
8,72,0.6
8,79,1.0
8,87,0.8
8,95,1.0
8,104,0.4
8,108,0.4
8,112,1.0
8,251,0.6
8,252,0.4
8,255,0.6
8,380,0.8
8,381,1.0
8,423,0.4
8,427,1.0
8,588,0.0
8,704,0.8
8,713,0.0
9,1,1.0
9,2,1.0
9,4,1.0
9,5,1.0
9,6,1.0
9,8,1.0
9,9,1.0
9,10,1.0
9,12,1.0
9,13,1.0
9,14,1.0
9,16,1.0
9,25,0.2
9,26,0.4
9,29,0.8
9,46,1.0
9,51,1.0
9,55,1.0
9,56,1.0
9,57,0.6
9,58,1.0
9,59,0.8
9,60,1.0
9,62,1.0
9,63,1.0
9,64,0.4
9,66,1.0
9,79,0.8
9,96,1.0
9,151,0.2
9,198,0.6
9,255,0.8
9,257,0.2
9,549,0.6
9,551,0.4
9,697,0.0
10,3,1.0
10,4,0.8
10,5,1.0
10,6,1.0
10,7,0.8
10,8,1.0
10,9,1.0
10,10,1.0
10,13,1.0
10,16,1.0
10,17,0.8
10,19,1.0
10,20,1.0
10,22,1.0
10,23,0.4
10,25,1.0
10,26,1.0
10,28,1.0
10,29,1.0
10,32,1.0
10,35,1.0
10,45,0.8
10,51,1.0
10,53,1.0
10,54,1.0
10,56,1.0
10,58,1.0
10,59,1.0
10,60,1.0
10,63,1.0
10,66,1.0
10,67,0.8
10,69,1.0
10,70,1.0
10,72,1.0
10,73,0.2
10,76,1.0
10,79,1.0
10,82,0.6
10,85,1.0
10,95,0.6
10,102,0.4
10,103,0.6
10,105,0.4
10,108,1.0
10,112,1.0
10,113,1.0
10,115,1.0
10,124,0.6
10,134,0.0
10,172,0.6
10,209,0.4
10,252,0.4
10,254,0.6
10,255,0.4
10,256,1.0
10,295,0.8
10,300,0.4
10,345,0.4
10,358,0.2
10,423,0.8
10,424,1.0
10,427,1.0
10,429,0.8
10,430,0.0
10,446,0.4
10,465,0.6
10,470,0.4
10,471,0.8
10,472,0.8
10,586,0.4
10,587,0.4
10,590,0.4
10,600,0.6
10,607,0.2
10,697,0.8
10,702,0.8
10,891,0.8
11,0,1.0
11,1,0.6
11,4,1.0
11,5,1.0
11,6,1.0
11,7,1.0
11,8,1.0
11,11,1.0
11,13,1.0
11,14,1.0
11,16,0.6
11,17,1.0
11,19,1.0
11,20,0.2
11,25,1.0
11,26,0.2
11,29,1.0
11,32,1.0
11,36,0.6
11,44,0.6
11,45,1.0
11,54,0.8
11,55,1.0
11,57,1.0
11,58,0.8
11,59,0.8
11,61,1.0
11,63,1.0
11,64,1.0
11,67,1.0
11,69,0.6
11,79,1.0
11,82,0.8
11,95,1.0
11,102,0.0
11,252,0.2
11,255,0.2
11,338,0.8
11,468,0.2
11,587,0.6
12,2,0.6
12,4,0.6
12,5,1.0
12,6,1.0
12,7,1.0
12,8,1.0
12,9,1.0
12,12,1.0
12,13,1.0
12,14,1.0
12,16,1.0
12,17,1.0
12,20,1.0
12,23,0.6
12,24,0.2
12,25,0.6
12,26,1.0
12,29,1.0
12,30,0.4
12,31,0.8
12,32,1.0
12,35,1.0
12,45,1.0
12,48,0.6
12,55,1.0
12,56,1.0
12,57,1.0
12,58,1.0
12,59,1.0
12,62,1.0
12,63,1.0
12,66,1.0
12,67,1.0
12,70,1.0
12,73,0.2
12,76,1.0
12,79,1.0
12,80,0.2
12,81,0.8
12,82,1.0
12,85,0.4
12,95,1.0
12,98,0.6
12,102,0.2
12,103,0.8
12,104,0.8
12,108,0.6
12,110,0.4
12,112,1.0
12,113,0.8
12,119,0.4
12,125,0.6
12,161,0.6
12,209,0.6
12,252,0.6
12,255,1.0
12,256,1.0
12,260,0.4
12,298,0.2
12,300,0.8
12,301,0.6
12,336,0.4
12,341,0.4
12,342,0.6
12,358,0.8
12,427,1.0
12,429,1.0
12,471,0.8
12,478,0.4
12,586,0.6
12,587,0.8
12,590,0.2
12,596,0.6
12,600,0.4
12,696,1.0
13,0,0.8
13,2,0.2
13,4,1.0
13,5,1.0
13,6,1.0
13,7,0.6
13,8,1.0
13,9,1.0
13,12,1.0
13,13,1.0
13,14,1.0
13,16,1.0
13,17,1.0
13,19,0.6
13,20,1.0
13,25,0.6
13,26,1.0
13,29,1.0
13,32,1.0
13,36,0.8
13,45,1.0
13,54,1.0
13,55,1.0
13,56,0.8
13,58,1.0
13,62,1.0
13,63,1.0
13,64,1.0
13,66,1.0
13,67,1.0
13,70,1.0
13,74,0.4
13,76,1.0
13,79,1.0
13,82,1.0
13,95,1.0
13,112,1.0
13,113,0.4
13,115,0.2
13,125,0.2
13,255,0.8
13,256,0.6
13,336,0.0
13,358,0.2
13,385,0.4
13,427,0.8
13,467,0.2
13,472,0.6
13,586,0.2
13,587,0.8
13,589,0.6
13,596,0.4
13,597,0.0
13,598,0.0
13,696,0.4
13,704,0.4
13,705,0.4
13,731,0.0
14,0,0.6
14,4,1.0
14,5,1.0
14,6,1.0
14,7,0.6
14,8,1.0
14,9,1.0
14,11,0.8
14,12,1.0
14,13,1.0
14,14,1.0
14,15,0.4
14,16,1.0
14,17,1.0
14,19,1.0
14,20,0.4
14,25,1.0
14,26,1.0
14,29,1.0
14,32,1.0
14,36,0.4
14,45,1.0
14,54,1.0
14,55,0.4
14,56,0.8
14,58,1.0
14,62,1.0
14,63,1.0
14,64,1.0
14,66,1.0
14,67,1.0
14,69,0.8
14,70,0.4
14,75,0.8
14,76,1.0
14,79,1.0
14,81,0.6
14,82,1.0
14,86,0.4
14,95,1.0
14,102,0.2
14,112,1.0
14,113,0.6
14,209,0.6
14,301,0.2
14,358,0.4
14,385,0.0
14,387,0.4
14,427,1.0
14,472,0.8
14,586,0.2
14,587,0.8
14,598,0.0
14,633,0.6
14,643,0.0
14,696,0.6
14,731,0.4
14,738,0.4
15,1,0.2
15,2,0.2
15,6,1.0
15,8,1.0
15,9,1.0
15,10,1.0
15,12,1.0
15,13,1.0
15,14,0.2
15,15,1.0
15,16,1.0
15,17,1.0
15,18,0.6
15,20,1.0
15,22,1.0
15,23,1.0
15,26,1.0
15,28,0.4
15,29,0.2
15,33,0.4
15,35,1.0
15,37,0.6
15,51,1.0
15,53,0.6
15,56,0.8
15,58,1.0
15,59,1.0
15,60,0.8
15,63,1.0
15,65,1.0
15,66,1.0
15,67,0.8
15,70,1.0
15,72,0.6
15,76,1.0
15,79,0.2
15,87,0.6
15,103,1.0
15,112,1.0
15,134,0.6
15,245,0.8
15,253,0.6
15,398,0.4
15,423,0.8
15,427,1.0
15,429,0.2
15,444,0.0
15,472,0.6
15,506,0.2
15,607,0.6
15,623,0.6
15,696,1.0
15,702,0.8
15,731,0.4
15,1155,0.4
16,2,0.8
16,4,0.6
16,5,1.0
16,6,1.0
16,8,1.0
16,9,1.0
16,10,1.0
16,12,1.0
16,13,1.0
16,14,1.0
16,16,1.0
16,17,0.8
16,18,0.6
16,19,0.8
16,20,1.0
16,22,0.8
16,25,0.4
16,26,1.0
16,28,0.2
16,29,1.0
16,32,0.8
16,35,0.8
16,45,1.0
16,51,0.8
16,52,0.8
16,54,0.4
16,55,1.0
16,56,1.0
16,58,1.0
16,59,1.0
16,60,1.0
16,62,1.0
16,63,1.0
16,64,1.0
16,66,1.0
16,67,0.8
16,68,0.8
16,70,1.0
16,72,0.8
16,76,1.0
16,79,1.0
16,82,0.4
16,95,1.0
16,102,0.0
16,112,1.0
16,115,1.0
16,134,0.6
16,209,0.8
16,252,0.4
16,255,0.6
16,256,1.0
16,300,0.6
16,342,0.2
16,345,0.6
16,358,0.2
16,385,1.0
16,427,1.0
16,429,1.0
16,446,0.2
16,471,0.6
16,507,0.2
16,523,0.0
16,586,0.2
16,587,0.6
16,590,0.0
16,600,0.4
16,607,0.8
16,623,0.2
16,633,0.0
16,660,0.0
16,663,0.0
16,668,0.0
16,696,0.8
16,697,0.8
16,708,0.4
17,4,1.0
17,5,1.0
17,6,0.8
17,8,1.0
17,9,1.0
17,10,0.8
17,13,1.0
17,14,1.0
17,16,1.0
17,17,1.0
17,18,0.8
17,19,1.0
17,22,0.4
17,23,1.0
17,25,0.4
17,26,1.0
17,28,0.4
17,29,1.0
17,32,1.0
17,33,0.4
17,34,1.0
17,35,1.0
17,36,0.6
17,45,1.0
17,46,0.4
17,54,1.0
17,56,0.8
17,58,1.0
17,59,1.0
17,63,1.0
17,64,1.0
17,66,1.0
17,67,1.0
17,68,1.0
17,69,1.0
17,70,0.4
17,73,1.0
17,76,1.0
17,79,1.0
17,82,1.0
17,85,1.0
17,86,0.6
17,95,1.0
17,102,0.2
17,104,0.4
17,108,0.8
17,110,0.4
17,112,1.0
17,113,0.6
17,115,0.6
17,158,0.2
17,203,0.6
17,245,0.2
17,252,0.8
17,255,0.2
17,256,0.6
17,260,0.6
17,270,0.4
17,301,0.0
17,385,0.6
17,427,1.0
17,430,0.0
17,432,0.4
17,471,0.6
17,472,0.6
17,476,0.8
17,478,0.6
17,513,0.0
17,515,0.0
17,552,0.4
17,586,0.2
17,587,0.6
17,633,0.0
17,643,0.2
17,668,0.0
17,697,1.0
17,702,0.6
17,731,1.0
17,733,0.4
17,737,0.0
17,738,0.0
17,748,0.2
17,759,0.4
17,1155,0.4
18,2,0.2
18,8,0.8
18,10,0.6
18,14,1.0
18,16,1.0
18,18,1.0
18,19,0.8
18,20,1.0
18,22,1.0
18,23,1.0
18,24,0.0
18,25,1.0
18,30,0.8
18,38,1.0
18,51,1.0
18,58,1.0
18,61,0.8
18,66,1.0
18,68,1.0
18,69,1.0
18,70,0.4
18,71,0.4
18,72,0.2
18,73,1.0
18,74,0.6
18,75,1.0
18,80,1.0
18,88,1.0
18,111,0.0
18,150,0.2
18,217,0.4
18,268,0.2
18,590,0.4
18,595,0.2
18,663,0.4
18,670,0.4
18,803,0.8
18,865,0.6
18,904,0.6
18,949,1.0
18,975,0.0
19,0,0.0
19,2,0.8
19,4,1.0
19,5,0.8
19,6,1.0
19,7,0.6
19,8,1.0
19,10,1.0
19,11,1.0
19,12,1.0
19,13,1.0
19,14,1.0
19,15,0.8
19,16,1.0
19,17,1.0
19,19,1.0
19,20,1.0
19,22,1.0
19,24,0.6
19,25,0.8
19,26,0.8
19,29,1.0
19,32,1.0
19,35,1.0
19,45,1.0
19,46,0.4
19,52,0.8
19,54,1.0
19,56,1.0
19,57,1.0
19,58,1.0
19,60,0.8
19,61,1.0
19,62,1.0
19,63,1.0
19,64,1.0
19,66,1.0
19,67,1.0
19,69,1.0
19,70,0.0
19,74,0.6
19,75,0.6
19,76,0.4
19,79,0.6
19,82,0.6
19,85,0.2
19,86,1.0
19,95,0.8
19,96,0.4
19,112,1.0
19,199,0.0
19,209,0.8
19,338,1.0
19,346,0.2
19,387,0.2
19,391,0.8
19,429,0.4
19,433,0.6
19,587,0.8
19,738,0.6
19,801,0.2
19,803,0.6
19,969,0.6
20,0,0.6
20,4,1.0
20,5,1.0
20,6,1.0
20,7,1.0
20,8,1.0
20,9,1.0
20,10,0.8
20,12,1.0
20,13,1.0
20,14,1.0
20,16,1.0
20,17,0.8
20,18,1.0
20,19,0.8
20,20,1.0
20,22,0.8
20,26,1.0
20,29,1.0
20,32,1.0
20,36,0.8
20,45,1.0
20,54,0.8
20,55,1.0
20,56,1.0
20,58,1.0
20,59,1.0
20,62,1.0
20,63,1.0
20,64,1.0
20,66,1.0
20,67,0.8
20,68,1.0
20,70,1.0
20,72,0.8
20,76,1.0
20,79,1.0
20,86,0.6
20,95,1.0
20,112,1.0
20,113,0.8
20,119,0.2
20,125,0.2
20,161,0.4
20,209,0.8
20,255,0.2
20,260,0.2
20,270,0.0
20,300,0.8
20,345,0.4
20,385,1.0
20,427,1.0
20,429,0.8
20,587,1.0
20,589,0.6
20,598,0.6
21,0,1.0
21,4,0.8
21,5,1.0
21,8,0.6
21,9,1.0
21,10,1.0
21,12,1.0
21,13,0.8
21,14,1.0
21,21,1.0
21,27,0.6
21,29,1.0
21,32,1.0
21,35,1.0
21,55,1.0
21,57,1.0
21,59,1.0
21,60,1.0
21,62,1.0
21,63,1.0
21,64,0.4
21,66,0.8
21,68,0.2
21,69,0.6
21,71,1.0
21,79,1.0
21,150,0.8
21,248,0.4
21,294,0.6
21,338,1.0
21,423,1.0
21,587,0.2
22,0,0.8
22,2,0.0
22,7,0.6
22,8,1.0
22,9,1.0
22,10,1.0
22,11,1.0
22,14,1.0
22,15,0.6
22,16,1.0
22,18,1.0
22,19,0.6
22,20,1.0
22,22,1.0
22,23,1.0
22,25,0.6
22,29,0.8
22,30,0.8
22,32,0.6
22,51,0.8
22,57,0.6
22,58,1.0
22,59,1.0
22,60,0.8
22,61,0.8
22,66,1.0
22,68,1.0
22,69,0.2
22,70,1.0
22,72,1.0
22,73,1.0
22,75,1.0
22,78,0.2
22,80,0.2
22,103,0.2
22,216,0.4
22,338,0.4
22,351,0.4
22,391,0.4
22,394,0.4
22,396,0.8
22,429,0.2
22,506,0.2
22,510,0.8
22,667,0.4
22,893,1.0
22,903,0.2
22,914,0.4
22,949,0.6
23,0,1.0
23,1,1.0
23,3,1.0
23,4,0.8
23,5,0.4
23,6,1.0
23,8,1.0
23,9,1.0
23,10,1.0
23,13,1.0
23,16,1.0
23,17,1.0
23,18,1.0
23,22,1.0
23,23,1.0
23,24,0.8
23,25,0.6
23,29,1.0
23,30,1.0
23,35,1.0
23,41,0.6
23,51,1.0
23,53,1.0
23,54,0.8
23,56,0.6
23,57,1.0
23,58,0.8
23,59,1.0
23,60,1.0
23,63,1.0
23,66,1.0
23,67,1.0
23,68,1.0
23,72,1.0
23,73,1.0
23,79,1.0
23,80,0.6
23,91,0.6
23,102,0.0
23,103,1.0
23,113,0.6
23,172,0.6
23,248,0.2
23,254,0.6
23,258,0.0
23,265,0.6
23,338,0.6
23,345,0.4
23,395,0.6
23,423,1.0
23,427,0.4
23,435,0.0
23,437,0.8
23,513,0.2
23,697,0.8
23,768,0.0
23,893,0.6
24,0,0.6
24,4,0.8
24,5,0.6
24,6,0.6
24,7,0.8
24,8,1.0
24,9,1.0
24,10,1.0
24,11,0.8
24,12,1.0
24,13,1.0
24,14,1.0
24,16,0.8
24,17,1.0
24,19,1.0
24,23,0.8
24,24,1.0
24,25,1.0
24,26,1.0
24,28,1.0
24,29,1.0
24,32,1.0
24,36,1.0
24,37,0.4
24,46,0.4
24,51,0.4
24,54,1.0
24,55,0.4
24,56,1.0
24,57,0.8
24,58,0.8
24,60,1.0
24,62,1.0
24,63,1.0
24,64,1.0
24,66,1.0
24,67,1.0
24,69,0.8
24,74,1.0
24,75,0.8
24,76,1.0
24,79,0.8
24,82,1.0
24,86,0.8
24,96,0.4
24,102,0.2
24,112,0.8
24,113,0.4
24,115,0.4
24,152,0.8
24,252,0.4
24,255,0.2
24,256,0.6
24,260,0.6
24,338,0.6
24,361,0.2
24,429,0.4
24,468,0.4
24,472,0.4
24,586,0.0
24,587,0.8
24,589,0.2
24,598,0.2
24,643,0.2
24,697,0.4
24,738,0.8
24,748,0.0
24,801,0.4
24,803,0.6
24,891,0.8
24,898,0.4
24,969,0.4
24,975,0.4
24,1073,0.4
25,0,1.0
25,2,0.6
25,4,0.4
25,5,1.0
25,7,1.0
25,8,1.0
25,9,1.0
25,10,1.0
25,12,1.0
25,13,1.0
25,14,1.0
25,15,0.6
25,16,1.0
25,17,1.0
25,18,1.0
25,19,1.0
25,23,0.8
25,25,1.0
25,26,1.0
25,31,0.2
25,32,1.0
25,34,0.4
25,36,1.0
25,46,0.8
25,51,1.0
25,55,1.0
25,57,1.0
25,58,1.0
25,61,0.6
25,62,1.0
25,63,1.0
25,64,1.0
25,66,1.0
25,68,0.8
25,69,0.6
25,72,0.4
25,73,0.8
25,74,0.6
25,75,1.0
25,76,0.6
25,81,0.2
25,82,1.0
25,86,1.0
25,96,0.8
25,102,0.4
25,103,0.0
25,112,1.0
25,113,0.8
25,114,0.2
25,151,0.0
25,160,0.4
25,162,0.4
25,255,0.6
25,341,0.6
25,386,0.2
25,387,0.2
25,397,0.6
25,439,0.8
25,586,0.4
25,587,0.6
25,643,0.0
25,670,0.4
25,771,0.2
25,894,0.6
25,949,0.8
26,0,0.8
26,1,1.0
26,4,1.0
26,5,1.0
26,6,0.8
26,8,1.0
26,10,0.8
26,11,1.0
26,12,0.8
26,13,1.0
26,14,1.0
26,15,0.0
26,16,1.0
26,17,1.0
26,18,0.4
26,19,0.6
26,20,0.2
26,25,1.0
26,26,1.0
26,29,1.0
26,31,0.8
26,32,1.0
26,35,1.0
26,36,0.8
26,45,1.0
26,54,1.0
26,55,0.8
26,58,0.8
26,62,1.0
26,63,1.0
26,64,1.0
26,66,1.0
26,67,1.0
26,68,0.6
26,69,0.6
26,70,0.2
26,74,0.8
26,76,1.0
26,79,1.0
26,81,0.8
26,82,1.0
26,86,0.8
26,95,1.0
26,113,0.8
26,125,0.4
26,209,0.8
26,247,0.4
26,253,0.0
26,358,0.2
26,472,0.6
26,587,0.8
26,596,0.8
26,597,0.4
26,697,0.6
26,704,0.8
26,705,0.8
26,866,0.2
26,898,0.2
27,1,1.0
27,3,0.8
27,4,1.0
27,5,0.8
27,7,0.8
27,8,1.0
27,9,0.2
27,11,0.8
27,12,0.6
27,13,1.0
27,14,1.0
27,15,1.0
27,16,1.0
27,17,1.0
27,21,1.0
27,25,0.8
27,26,0.8
27,27,1.0
27,29,1.0
27,45,1.0
27,54,1.0
27,55,1.0
27,57,1.0
27,62,1.0
27,63,1.0
27,64,1.0
27,66,1.0
27,67,1.0
27,77,1.0
27,79,1.0
27,95,1.0
27,110,0.4
27,209,1.0
27,215,0.6
27,232,0.4
27,255,0.6
27,338,0.6
27,587,1.0
27,674,0.4
28,3,1.0
28,5,0.6
28,7,1.0
28,8,1.0
28,10,1.0
28,11,1.0
28,12,1.0
28,13,1.0
28,15,0.8
28,17,1.0
28,18,0.8
28,22,1.0
28,24,1.0
28,25,0.8
28,27,0.4
28,28,1.0
28,29,1.0
28,30,0.2
28,34,0.6
28,35,1.0
28,53,1.0
28,54,0.8
28,55,0.4
28,57,1.0
28,60,0.4
28,63,1.0
28,67,1.0
28,68,1.0
28,72,0.8
28,74,1.0
28,78,1.0
28,79,1.0
28,84,0.6
28,85,1.0
28,110,0.8
28,127,1.0
28,158,0.2
28,173,0.2
28,206,0.4
28,209,0.2
28,222,0.2
28,313,0.8
28,338,1.0
28,353,0.2
28,385,1.0
28,400,0.2
28,423,0.8
28,425,0.8
28,427,1.0
28,442,1.0
28,623,1.0
28,673,0.2
28,696,0.4
28,803,0.2
28,834,0.4
28,952,0.4
29,0,0.2
29,2,1.0
29,5,1.0
29,6,1.0
29,7,0.2
29,8,1.0
29,9,1.0
29,10,0.8
29,11,0.4
29,12,1.0
29,13,1.0
29,14,1.0
29,15,0.4
29,16,1.0
29,17,1.0
29,18,0.8
29,20,0.8
29,22,1.0
29,24,0.6
29,26,1.0
29,28,0.8
29,29,1.0
29,30,1.0
29,45,0.4
29,52,0.2
29,55,1.0
29,56,1.0
29,57,0.2
29,58,1.0
29,59,0.4
29,62,1.0
29,63,1.0
29,64,0.6
29,66,1.0
29,67,0.8
29,70,0.6
29,76,1.0
29,79,1.0
29,80,1.0
29,87,0.2
29,95,0.4
29,103,0.6
29,112,1.0
29,115,0.8
29,133,0.2
29,151,0.0
29,162,0.0
29,181,0.2
29,209,0.8
29,255,1.0
29,256,0.8
29,342,0.4
29,358,0.8
29,387,0.4
29,401,0.6
29,429,1.0
29,472,0.6
29,478,0.0
29,587,0.6
29,596,0.6
29,623,0.4
29,633,0.2
29,660,0.4
29,674,0.8
29,697,0.8
29,704,0.6
29,705,0.4
29,731,0.6
29,743,0.8
30,5,1.0
30,6,1.0
30,8,1.0
30,9,1.0
30,12,1.0
30,13,1.0
30,16,1.0
30,18,1.0
30,22,1.0
30,23,1.0
30,26,1.0
30,29,1.0
30,30,1.0
30,34,0.6
30,51,1.0
30,52,0.2
30,56,1.0
30,57,0.2
30,58,1.0
30,59,1.0
30,62,1.0
30,63,1.0
30,66,1.0
30,68,1.0
30,72,1.0
30,73,1.0
30,76,1.0
30,79,1.0
30,80,1.0
30,84,0.6
30,104,0.8
30,105,0.4
30,112,1.0
30,113,0.4
30,115,0.6
30,125,0.2
30,209,0.8
30,254,1.0
30,256,0.6
30,266,0.0
30,300,0.6
30,345,0.8
30,358,0.4
30,359,0.6
30,402,0.8
30,424,0.4
30,427,0.6
30,429,1.0
30,448,0.6
30,471,0.8
31,3,0.4
31,4,1.0
31,6,1.0
31,7,1.0
31,9,1.0
31,12,1.0
31,13,1.0
31,14,0.4
31,15,0.2
31,16,1.0
31,17,0.6
31,18,0.8
31,25,1.0
31,26,1.0
31,29,1.0
31,31,1.0
31,34,0.8
31,35,1.0
31,48,1.0
31,49,0.4
31,54,1.0
31,55,0.8
31,56,0.4
31,57,1.0
31,59,0.6
31,62,0.8
31,63,1.0
31,64,0.8
31,66,0.8
31,67,0.6
31,68,0.8
31,75,0.6
31,76,1.0
31,79,1.0
31,81,1.0
31,84,0.6
31,85,0.6
31,98,0.8
31,110,0.4
31,113,0.6
31,124,1.0
31,132,0.4
31,172,0.8
31,180,0.4
31,209,0.2
31,341,0.2
31,358,0.6
31,403,1.0
31,429,0.6
31,432,0.6
31,445,1.0
31,448,0.4
31,449,0.2
31,586,0.4
31,623,1.0
31,663,0.8
31,731,1.0
31,766,0.4
32,0,1.0
32,4,1.0
32,5,1.0
32,6,1.0
32,7,0.6
32,8,0.8
32,9,0.4
32,10,0.8
32,11,1.0
32,12,1.0
32,13,1.0
32,14,1.0
32,15,0.2
32,16,0.2
32,17,1.0
32,20,0.6
32,24,1.0
32,25,1.0
32,26,1.0
32,29,1.0
32,32,1.0
32,36,0.8
32,44,1.0
32,45,1.0
32,51,1.0
32,54,1.0
32,55,1.0
32,56,1.0
32,57,1.0
32,62,1.0
32,63,1.0
32,64,1.0
32,66,0.8
32,67,1.0
32,70,0.6
32,74,1.0
32,76,0.8
32,79,1.0
32,82,1.0
32,86,0.8
32,94,1.0
32,95,1.0
32,113,0.6
32,209,1.0
32,255,0.2
32,300,0.4
32,301,1.0
32,338,0.2
32,358,0.4
32,385,0.4
32,404,0.8
32,429,0.4
32,446,0.6
32,551,0.0
32,563,0.4
32,586,0.2
32,587,0.8
32,660,0.2
32,697,0.2
32,1073,0.6
32,1141,0.0
33,0,0.6
33,3,0.4
33,4,1.0
33,5,1.0
33,6,1.0
33,8,1.0
33,10,0.8
33,11,1.0
33,12,1.0
33,13,1.0
33,14,1.0
33,16,1.0
33,17,1.0
33,18,1.0
33,19,0.8
33,20,1.0
33,26,1.0
33,28,0.2
33,29,1.0
33,32,1.0
33,33,1.0
33,34,0.6
33,35,1.0
33,36,0.8
33,44,1.0
33,45,1.0
33,48,0.6
33,55,1.0
33,58,1.0
33,61,1.0
33,62,1.0
33,63,1.0
33,64,0.8
33,66,1.0
33,67,1.0
33,70,1.0
33,76,0.4
33,79,1.0
33,82,1.0
33,83,1.0
33,84,0.6
33,86,0.8
33,94,0.8
33,95,1.0
33,98,0.4
33,113,0.2
33,125,0.4
33,472,1.0
33,528,0.2
33,588,0.8
33,598,0.8
33,731,0.6
33,812,0.6
33,873,0.6
33,957,0.6
34,0,0.2
34,5,0.8
34,6,0.2
34,7,1.0
34,9,1.0
34,13,1.0
34,14,1.0
34,15,0.8
34,16,0.6
34,17,1.0
34,24,0.8
34,29,1.0
34,31,0.6
34,32,0.4
34,34,1.0
34,35,1.0
34,36,0.4
34,37,1.0
34,39,0.6
34,45,0.6
34,51,0.6
34,56,0.4
34,57,1.0
34,59,1.0
34,63,1.0
34,64,1.0
34,65,0.6
34,66,0.0
34,67,0.8
34,74,1.0
34,77,0.6
34,78,0.4
34,79,1.0
34,81,0.6
34,84,1.0
34,86,0.4
34,87,1.0
34,95,0.8
34,255,0.6
34,294,0.6
34,295,0.6
34,338,1.0
34,356,0.6
34,385,0.2
34,406,0.8
34,431,0.4
34,448,1.0
34,451,0.6
34,468,1.0
34,529,0.6
34,532,0.8
34,587,0.8
34,1192,0.0
35,1,1.0
35,5,1.0
35,6,0.8
35,8,1.0
35,9,1.0
35,10,1.0
35,12,0.8
35,13,1.0
35,16,1.0
35,18,1.0
35,19,1.0
35,20,1.0
35,21,0.6
35,23,0.4
35,24,0.6
35,28,1.0
35,30,1.0
35,33,0.4
35,34,0.4
35,35,1.0
35,36,0.8
35,37,1.0
35,39,1.0
35,41,0.2
35,45,0.6
35,52,0.4
35,55,1.0
35,56,0.8
35,58,1.0
35,59,1.0
35,60,1.0
35,62,0.2
35,63,0.0
35,66,1.0
35,68,0.8
35,69,0.6
35,70,0.2
35,75,0.8
35,79,0.6
35,80,0.2
35,85,1.0
35,89,1.0
35,91,0.2
35,134,0.6
35,176,0.8
35,215,0.2
35,245,0.8
35,253,0.4
35,255,0.0
35,380,0.4
35,407,1.0
35,449,0.6
35,524,0.2
35,530,0.4
35,585,0.6
35,680,1.0
35,846,0.0
35,898,0.2
35,954,0.4
35,1010,0.8
36,0,0.2
36,4,1.0
36,5,1.0
36,6,1.0
36,7,0.6
36,8,1.0
36,9,1.0
36,10,0.6
36,11,0.6
36,13,1.0
36,14,1.0
36,16,0.8
36,17,1.0
36,18,1.0
36,19,0.6
36,20,1.0
36,25,1.0
36,26,1.0
36,29,1.0
36,32,0.8
36,35,1.0
36,36,1.0
36,42,1.0
36,44,0.0
36,45,1.0
36,46,1.0
36,48,0.8
36,54,1.0
36,55,0.8
36,56,0.6
36,58,1.0
36,59,1.0
36,61,0.8
36,63,1.0
36,64,1.0
36,66,0.8
36,67,1.0
36,68,1.0
36,69,0.8
36,70,0.8
36,75,0.8
36,76,1.0
36,79,1.0
36,82,0.8
36,85,0.8
36,86,1.0
36,92,0.8
36,94,0.0
36,95,0.8
36,96,1.0
36,98,0.4
36,108,0.8
36,118,0.0
36,119,0.0
36,136,0.4
36,231,0.2
36,252,0.4
36,260,0.0
36,427,0.8
36,468,0.4
36,472,0.6
36,623,0.8
36,633,0.0
36,891,0.8
36,894,0.2
37,1,0.8
37,4,0.8
37,7,1.0
37,8,1.0
37,10,0.8
37,11,1.0
37,12,1.0
37,13,1.0
37,14,1.0
37,15,0.4
37,16,1.0
37,17,0.4
37,23,0.6
37,24,1.0
37,30,0.8
37,32,0.6
37,34,1.0
37,35,1.0
37,36,0.2
37,37,1.0
37,40,0.6
37,45,0.6
37,51,0.8
37,54,0.0
37,57,1.0
37,58,1.0
37,62,1.0
37,63,1.0
37,64,0.6
37,66,0.8
37,67,0.8
37,82,0.4
37,84,1.0
37,87,1.0
37,90,0.4
37,95,0.8
37,111,0.2
37,113,0.4
37,136,0.0
37,152,0.4
37,204,0.2
37,208,0.4
37,231,0.4
37,256,0.2
37,277,0.4
37,322,0.4
37,336,0.4
37,366,0.4
37,380,0.4
37,382,0.8
37,385,0.6
37,387,0.2
37,406,0.2
37,448,0.4
37,451,0.6
37,468,0.6
37,587,0.8
37,588,0.6
37,608,0.4
37,639,0.2
37,682,1.0
37,722,0.4
37,751,1.0
37,927,0.0
37,985,0.0
37,1010,0.2
37,1036,0.4
37,1081,0.2
37,1221,0.8
37,1229,0.6
37,1231,0.2
38,5,1.0
38,8,0.6
38,12,1.0
38,13,1.0
38,14,0.4
38,16,0.2
38,17,1.0
38,18,1.0
38,22,1.0
38,23,0.0
38,24,0.6
38,30,0.8
38,35,0.4
38,37,0.2
38,38,1.0
38,43,1.0
38,47,0.8
38,51,0.8
38,53,1.0
38,61,0.8
38,62,1.0
38,63,1.0
38,68,1.0
38,76,1.0
38,80,1.0
38,88,1.0
38,93,0.8
38,97,0.2
38,113,1.0
38,151,0.8
38,183,0.2
38,199,1.0
38,201,0.8
38,216,0.2
38,224,0.6
38,230,0.2
38,232,0.2
38,245,0.4
38,251,0.6
38,254,0.8
38,270,0.2
38,315,0.6
38,385,0.2
38,410,1.0
38,427,0.6
38,444,1.0
38,452,0.6
38,533,0.8
38,572,0.8
38,623,0.6
38,696,0.6
38,962,0.6
39,1,1.0
39,2,0.6
39,4,1.0
39,6,0.8
39,9,1.0
39,10,0.4
39,12,0.6
39,15,1.0
39,16,1.0
39,18,1.0
39,19,1.0
39,20,0.2
39,21,0.6
39,23,0.6
39,24,1.0
39,34,0.4
39,36,0.8
39,37,1.0
39,39,1.0
39,51,0.4
39,56,1.0
39,57,0.4
39,58,1.0
39,59,1.0
39,62,0.8
39,63,1.0
39,65,0.6
39,66,1.0
39,69,0.8
39,70,0.8
39,73,0.6
39,87,0.4
39,89,1.0
39,91,1.0
39,103,0.8
39,104,0.4
39,112,1.0
39,157,0.4
39,159,0.0
39,198,0.4
39,207,0.4
39,231,0.4
39,233,0.4
39,304,0.0
39,337,0.2
39,338,0.6
39,347,0.4
39,411,0.8
39,423,0.4
39,434,0.4
39,453,1.0
39,510,0.6
39,513,0.4
39,514,0.6
39,534,0.6
39,573,0.4
39,684,1.0
39,753,1.0
39,847,0.2
39,1083,0.0
40,0,0.6
40,4,1.0
40,5,1.0
40,8,1.0
40,12,1.0
40,13,1.0
40,14,1.0
40,15,1.0
40,16,1.0
40,17,1.0
40,21,0.8
40,22,1.0
40,24,1.0
40,25,0.8
40,26,0.8
40,28,0.8
40,29,1.0
40,32,1.0
40,37,1.0
40,40,1.0
40,44,1.0
40,45,1.0
40,46,0.4
40,51,0.0
40,54,1.0
40,55,1.0
40,57,1.0
40,58,1.0
40,63,1.0
40,64,1.0
40,66,1.0
40,67,1.0
40,72,0.8
40,79,1.0
40,90,1.0
40,94,0.6
40,95,1.0
40,96,0.4
40,102,0.2
40,110,0.6
40,112,0.6
40,127,0.4
40,143,0.4
40,151,0.4
40,158,0.6
40,191,0.4
40,209,1.0
40,255,1.0
40,338,1.0
40,387,0.8
40,412,0.2
40,427,0.8
40,429,1.0
40,454,0.0
40,495,0.4
40,587,1.0
40,589,0.4
40,1221,0.4
41,0,0.6
41,2,1.0
41,5,1.0
41,6,0.6
41,7,0.8
41,8,1.0
41,9,1.0
41,13,1.0
41,14,1.0
41,16,1.0
41,17,1.0
41,20,1.0
41,23,0.6
41,28,1.0
41,32,1.0
41,33,0.6
41,35,0.8
41,36,0.6
41,41,1.0
41,42,0.4
41,45,1.0
41,46,0.6
41,55,1.0
41,58,1.0
41,59,1.0
41,61,0.8
41,62,0.6
41,63,1.0
41,64,1.0
41,66,1.0
41,67,1.0
41,70,1.0
41,75,0.4
41,79,1.0
41,82,1.0
41,86,0.0
41,87,0.6
41,91,1.0
41,95,1.0
41,110,1.0
41,112,0.8
41,113,0.8
41,127,0.2
41,131,0.0
41,134,0.2
41,153,0.2
41,158,1.0
41,161,0.4
41,345,0.4
41,358,0.4
41,385,0.4
41,423,0.8
41,427,0.6
41,439,0.4
41,471,0.4
41,586,0.6
41,587,0.6
41,590,0.4
41,598,0.4
41,607,0.2
41,702,0.4
41,891,0.0
42,3,1.0
42,4,0.8
42,6,0.2
42,9,0.8
42,10,1.0
42,15,1.0
42,16,1.0
42,18,1.0
42,21,0.6
42,25,0.6
42,26,1.0
42,29,0.8
42,32,0.6
42,35,0.8
42,36,1.0
42,42,1.0
42,45,1.0
42,53,1.0
42,60,1.0
42,65,0.8
42,66,0.8
42,68,1.0
42,75,0.6
42,79,0.6
42,85,0.4
42,92,1.0
42,95,1.0
42,112,0.8
42,113,0.6
42,146,0.4
42,162,0.0
42,179,0.0
42,194,0.4
42,226,0.2
42,230,0.4
42,231,0.6
42,253,0.6
42,254,0.2
42,282,0.0
42,321,1.0
42,409,0.0
42,414,1.0
42,451,0.2
42,456,1.0
42,465,0.2
42,470,0.4
42,497,0.2
42,507,0.0
42,509,0.4
42,537,0.4
42,546,0.0
42,608,0.4
42,677,0.2
42,754,0.2
42,882,0.0
43,0,0.8
43,5,0.8
43,7,0.2
43,8,1.0
43,9,0.8
43,12,1.0
43,13,1.0
43,14,1.0
43,15,0.2
43,16,0.8
43,17,0.6
43,18,1.0
43,20,0.0
43,26,0.8
43,29,1.0
43,32,1.0
43,43,1.0
43,44,1.0
43,51,1.0
43,55,0.8
43,57,0.8
43,58,1.0
43,59,1.0
43,62,1.0
43,63,1.0
43,64,0.8
43,66,1.0
43,68,0.6
43,69,1.0
43,75,0.2
43,79,1.0
43,93,1.0
43,102,0.4
43,209,0.0
43,338,0.6
43,346,0.4
43,385,0.8
43,415,0.6
43,427,0.4
43,457,0.6
43,507,0.4
43,520,0.4
43,546,0.0
43,586,0.4
43,587,1.0
43,589,0.6
43,674,0.6
44,0,0.6
44,4,1.0
44,5,0.8
44,6,1.0
44,8,1.0
44,9,1.0
44,10,0.6
44,11,0.8
44,12,1.0
44,13,1.0
44,14,1.0
44,16,1.0
44,17,1.0
44,18,1.0
44,20,0.4
44,26,1.0
44,29,1.0
44,32,1.0
44,34,1.0
44,44,1.0
44,45,1.0
44,46,0.8
44,48,0.6
44,54,1.0
44,58,1.0
44,61,0.4
44,62,1.0
44,63,1.0
44,64,1.0
44,66,1.0
44,67,1.0
44,68,1.0
44,70,0.4
44,76,0.6
44,79,1.0
44,82,1.0
44,84,1.0
44,94,1.0
44,95,1.0
44,96,0.8
44,98,0.8
44,104,0.2
44,112,1.0
44,209,0.8
44,300,0.4
44,427,0.4
44,429,0.4
44,468,0.2
44,478,0.0
44,507,0.0
44,546,0.0
44,587,0.8
44,697,0.4
45,0,0.8
45,4,1.0
45,5,1.0
45,6,1.0
45,7,0.8
45,8,1.0
45,9,1.0
45,11,0.6
45,12,1.0
45,13,1.0
45,14,1.0
45,16,1.0
45,17,1.0
45,18,1.0
45,19,0.8
45,20,1.0
45,26,1.0
45,29,1.0
45,32,1.0
45,35,0.8
45,36,0.6
45,44,0.8
45,45,1.0
45,54,1.0
45,55,0.8
45,56,0.8
45,58,1.0
45,59,1.0
45,62,1.0
45,63,1.0
45,64,1.0
45,66,1.0
45,67,1.0
45,68,1.0
45,70,0.8
45,76,1.0
45,79,1.0
45,82,0.8
45,84,0.4
45,85,0.6
45,86,0.2
45,94,0.8
45,95,1.0
45,110,0.0
45,112,0.6
45,113,0.6
45,119,0.2
45,125,0.2
45,158,0.0
45,252,0.4
45,255,0.6
45,260,0.2
45,345,0.0
45,358,0.6
45,385,0.4
45,427,1.0
45,467,0.2
45,472,0.4
45,507,0.4
45,586,0.2
45,587,0.6
45,598,0.2
45,697,0.6
45,891,0.4
46,2,1.0
46,5,1.0
46,6,1.0
46,7,0.8
46,8,0.2
46,9,1.0
46,10,1.0
46,13,1.0
46,14,1.0
46,16,1.0
46,17,0.8
46,19,1.0
46,20,1.0
46,21,1.0
46,23,1.0
46,25,1.0
46,26,0.6
46,27,0.4
46,29,0.0
46,36,1.0
46,39,0.8
46,46,1.0
46,50,1.0
46,52,0.8
46,55,0.8
46,56,1.0
46,57,0.8
46,58,1.0
46,59,1.0
46,60,1.0
46,63,1.0
46,64,1.0
46,66,1.0
46,69,1.0
46,70,1.0
46,71,1.0
46,73,0.8
46,75,0.6
46,76,0.2
46,86,1.0
46,89,0.8
46,96,1.0
46,100,0.4
46,113,0.6
46,124,0.0
46,162,1.0
46,170,0.0
46,172,0.0
46,203,0.6
46,345,0.2
46,418,0.4
46,423,1.0
46,425,0.4
46,427,0.2
46,460,0.6
46,633,0.0
46,668,0.2
47,1,1.0
47,2,0.0
47,4,0.8
47,6,0.6
47,9,1.0
47,12,0.6
47,13,1.0
47,14,1.0
47,15,0.6
47,17,0.8
47,19,1.0
47,23,0.2
47,26,1.0
47,27,0.6
47,30,0.4
47,31,0.6
47,37,0.8
47,47,1.0
47,51,0.2
47,58,0.2
47,60,0.8
47,63,1.0
47,64,1.0
47,65,0.6
47,69,0.2
47,70,0.8
47,73,0.8
47,76,1.0
47,77,0.2
47,81,0.4
47,97,1.0
47,101,0.4
47,102,0.4
47,110,0.4
47,112,0.6
47,203,0.4
47,206,0.8
47,224,0.2
47,342,0.6
47,355,0.8
47,376,0.8
47,419,1.0
47,427,1.0
47,442,0.4
47,446,0.6
47,461,0.8
47,509,0.0
47,510,0.2
47,602,0.2
47,799,0.2
47,801,0.4
47,826,0.6
47,891,0.8
47,898,0.2
47,1073,0.4
47,1074,0.0
47,1174,0.0
48,1,0.8
48,4,1.0
48,5,0.8
48,6,1.0
48,8,1.0
48,9,1.0
48,10,0.8
48,11,1.0
48,12,1.0
48,13,1.0
48,14,1.0
48,15,1.0
48,16,1.0
48,17,0.8
48,25,0.2
48,26,1.0
48,29,1.0
48,30,0.6
48,32,0.6
48,36,0.8
48,37,0.8
48,39,0.4
48,44,1.0
48,45,1.0
48,48,1.0
48,51,1.0
48,52,0.2
48,56,0.8
48,58,1.0
48,59,1.0
48,62,1.0
48,63,1.0
48,64,1.0
48,65,1.0
48,66,1.0
48,67,0.8
48,68,0.0
48,70,0.6
48,79,1.0
48,89,0.6
48,94,0.8
48,95,1.0
48,98,1.0
48,104,0.2
48,108,1.0
48,112,1.0
48,131,0.4
48,179,0.4
48,209,0.6
48,294,0.2
48,341,0.0
48,342,0.6
48,385,1.0
48,423,1.0
48,427,1.0
48,471,0.8
48,697,0.4
48,709,0.8
48,759,0.2
49,9,1.0
49,10,1.0
49,12,1.0
49,17,1.0
49,18,1.0
49,23,0.2
49,26,1.0
49,28,0.8
49,31,0.2
49,38,0.8
49,39,1.0
49,49,1.0
49,50,0.8
49,60,1.0
49,67,1.0
49,68,1.0
49,71,0.6
49,76,1.0
49,88,0.8
49,89,0.4
49,91,0.8
49,99,1.0
49,100,0.8
49,243,0.2
49,393,0.2
49,421,0.8
49,429,0.4
49,435,0.2
49,463,0.8
50,1,0.4
50,2,1.0
50,3,1.0
50,5,1.0
50,8,1.0
50,9,1.0
50,13,1.0
50,14,1.0
50,15,0.0
50,16,1.0
50,17,1.0
50,25,0.2
50,26,0.2
50,29,1.0
50,33,0.2
50,46,1.0
50,50,1.0
50,51,0.2
50,52,1.0
50,55,1.0
50,58,1.0
50,59,0.8
50,63,1.0
50,64,0.8
50,66,1.0
50,67,1.0
50,69,0.6
50,77,0.0
50,79,1.0
50,80,0.0
50,85,0.6
50,96,1.0
50,100,1.0
50,104,0.2
50,107,0.4
50,134,0.2
50,152,0.2
50,244,0.8
50,422,0.8
50,464,1.0
50,674,0.2
