degree,alpha,threshold,library_size,active_terms,train_mse,validation_mse,train_nrmse,validation_nrmse
1,1.0,0.01,6,30,0.0032950828706730046,0.0032947802712966524,0.4844562149571235,0.5215462269011689
1,1.0,0.05,6,29,0.0032955687317386246,0.0032961055223321746,0.4844919302556557,0.5216511064578437
1,1.0,0.1,6,27,0.0033066099097118916,0.003296641657673999,0.4853028507747102,0.5216935298906633
1,10.0,0.01,6,30,0.003295268270676902,0.0032928755929011616,0.4844698438891234,0.5213954548684847
1,10.0,0.05,6,29,0.003295753713577764,0.0032941901767090495,0.4845055274460047,0.5214995203894164
1,10.0,0.1,6,27,0.003306800591040279,0.0032947681901641396,0.4853168434833646,0.5215452707107198
1,100.0,0.01,6,30,0.003307350876982387,0.0032860577268652704,0.4853572226836662,0.5208554031391108
1,100.0,0.05,6,29,0.0033078066815450573,0.00328723092095491,0.4853906664311259,0.5209483731962754
1,100.0,0.1,6,27,0.00331924065271269,0.0032885256104074694,0.48622885856573284,0.5210509519294184
2,1.0,0.01,21,103,0.001051111654881496,0.0011723801918795092,0.2736187073244391,0.31110988873646184
2,1.0,0.05,21,85,0.0010536756512045098,0.0011801154857730538,0.2739522256746291,0.31213454351641795
2,1.0,0.1,21,67,0.0010879846463915839,0.0012428113738162702,0.2783766116037913,0.32031862313511844
2,10.0,0.01,21,99,0.0010532581588348112,0.0011726361386956707,0.2738979469716216,0.31114384667970135
2,10.0,0.05,21,86,0.0010554959745400325,0.001179815651835793,0.27418876261779906,0.312094888721794
2,10.0,0.1,21,67,0.0010874079690694216,0.0012358439289585743,0.27830282620733965,0.3194194765831103
2,100.0,0.01,21,100,0.0010986804115278338,0.0012295622572225983,0.2797415982017218,0.3186066536826711
2,100.0,0.05,21,80,0.0011045926864985134,0.0012431274666706161,0.2804932681930405,0.32035935497621165
2,100.0,0.1,21,61,0.0011477809660304344,0.0013103352858064902,0.28592417073738274,0.32890524379371694
